repository,worktree,branch,head,commits_not_on_origin_trunk,assessment,complete_branch_patch_proof_pr,has_uncommitted_files,prior_hold_reason,commit_classes,delivery_pr_urls
pws-mock-dashboard,/Users/kpburson/.codex/worktrees/eba6/pws-mock-dashboard,,883a2c41a1a7e80dcf520e73fb46527ae0ea9886,1,ALL-COMMITS-VERIFIED-IN-DELIVERED-PR-OR-PATCH,,True,Uncommitted/untracked files,"{""VERIFIED-MERGED-PR-SOURCE"": 1}",https://github.com/pace-water-systems-cloud/pws-mock-dashboard/pull/53
ai-peer-review,/Users/kpburson/.codex/worktrees/106-manual-xpr-startup/ai-peer-review,codex/106-manual-xpr-startup,7e1b2dee7f9321b2f628a14dc82e999c7a8305f8,6,ALL-COMMITS-VERIFIED-IN-DELIVERED-PR-OR-PATCH,108,False,Exact HEAD merged to trunk in PR #108; archive ignored evidence before removal,"{""VERIFIED-MERGED-PR-SOURCE"": 6}",https://github.com/kburson/ai-peer-review/pull/108
ai-peer-review,/Users/kpburson/.codex/worktrees/107-runtime-api-spec/ai-peer-review,codex/107-runtime-api-spec,8b232c760be2ffe6e3bf4f857ecb9c47acec2f7a,6,ALL-COMMITS-VERIFIED-IN-DELIVERED-PR-OR-PATCH,110,True,Uncommitted/untracked files,"{""VERIFIED-MERGED-PR-SOURCE"": 6}",https://github.com/kburson/ai-peer-review/pull/110
ai-peer-review,/Users/kpburson/.codex/worktrees/437b/ai-peer-review,codex/128-setup-config-formatting,6adbd9a266661f73f4cf16a4638656b200faa284,3,PARTIAL-OR-UNMATCHED-INVESTIGATE,,False,Live process has cwd here or in child worktree,"{""UNMATCHED"": 3}",
ai-peer-review,/Users/kpburson/.codex/worktrees/88c8/ai-peer-review,,efc908155233e485035b7def36b7766c335507fb,0,ALREADY-REACHABLE-FROM-ORIGIN-TRUNK,,False,HEAD is an ancestor of origin/trunk,{},
ai-peer-review,/Users/kpburson/.codex/worktrees/baec/ai-peer-review,codex/defect-124,9775e384cf0d9af883ec227aabf00c5c6adee899,13,PARTIAL-OR-UNMATCHED-INVESTIGATE,,False,Open PR [125],"{""UNMATCHED"": 13}",
ai-peer-review,/Users/kpburson/.codex/worktrees/e507/ai-peer-review,,efc908155233e485035b7def36b7766c335507fb,0,ALREADY-REACHABLE-FROM-ORIGIN-TRUNK,,False,HEAD is an ancestor of origin/trunk; archive ignored evidence before removal,{},
ai-peer-review,/Users/kpburson/.codex/worktrees/e7c0/ai-peer-review,codex/102-install-policy-plan,78b9676b83845396b66f16ee4416263ccf4dd1a9,7,PARTIAL-OR-UNMATCHED-INVESTIGATE,,True,Uncommitted/untracked files,"{""UNMATCHED"": 7}",
ai-peer-review,/Users/kpburson/.codex/worktrees/planning/ai-peer-review,codex/planning,1860a95c4ab6ebf859a2fe57146c720220c62480,2,PARTIAL-OR-UNMATCHED-INVESTIGATE,,False,"Clean checkout, but HEAD delivery not proven","{""UNMATCHED"": 1, ""VERIFIED-MERGED-PR-SOURCE"": 1}",https://github.com/kburson/ai-peer-review/pull/35
ai-task-manager,/Users/kpburson/.codex/worktrees/123e/ai-task-manager,feature/epic/1818,f57c2de9197e5ac8d1ee9612a1a36e0910720b1b,15,PARTIAL-OR-UNMATCHED-INVESTIGATE,,False,Live process has cwd here or in child worktree,"{""UNMATCHED"": 15}",
ai-task-manager,/Users/kpburson/.codex/worktrees/123e/ai-task-manager/.worktrees/1836-graphql-storage,feature/child/1836,b3c2974fb01a7dc49f61b987ef2544fa15c0e34f,6,PARTIAL-OR-UNMATCHED-INVESTIGATE,,False,"Clean checkout, but HEAD delivery not proven","{""UNMATCHED"": 6}",
ai-task-manager,/Users/kpburson/.codex/worktrees/1811-integration-proof/ai-task-manager,feature/child/1811,d8f666fba749521bece368b8274d535bec4f7fe9,4,ALL-COMMITS-VERIFIED-IN-DELIVERED-PR-OR-PATCH,,False,"Clean checkout, but HEAD delivery not proven","{""VERIFIED-MERGED-PR-SOURCE"": 4}",https://github.com/kburson/ai-task-manager/pull/1820
ai-task-manager,/Users/kpburson/.codex/worktrees/1812-receipt-close/ai-task-manager,,d8f666fba749521bece368b8274d535bec4f7fe9,4,ALL-COMMITS-VERIFIED-IN-DELIVERED-PR-OR-PATCH,,False,"Clean checkout, but HEAD delivery not proven","{""VERIFIED-MERGED-PR-SOURCE"": 4}",https://github.com/kburson/ai-task-manager/pull/1820
ai-task-manager,/Users/kpburson/.codex/worktrees/1813-regression-guidance/ai-task-manager,,4b5f9d0fc2d1429bbb9eb696bd949740f6030a5e,1,ALL-COMMITS-VERIFIED-IN-DELIVERED-PR-OR-PATCH,,False,"Clean checkout, but HEAD delivery not proven","{""VERIFIED-MERGED-PR-SOURCE"": 1}",https://github.com/kburson/ai-task-manager/pull/1820
ai-task-manager,/Users/kpburson/.codex/worktrees/1847-draft/ai-task-manager,codex/1847-draft,9b9825cee89e6dde1f73d664f19e09429481248d,10,PARTIAL-OR-UNMATCHED-INVESTIGATE,,True,Uncommitted/untracked files,"{""UNMATCHED"": 10}",
ai-task-manager,/Users/kpburson/.codex/worktrees/3719/ai-task-manager,codex/uninstall-cleanup,9b2889f4d29cfc727a25f738263db01e5932a1c7,1,ALL-COMMITS-VERIFIED-IN-DELIVERED-PR-OR-PATCH,,True,Uncommitted/untracked files,"{""VERIFIED-MERGED-PR-SOURCE"": 1}",https://github.com/kburson/ai-task-manager/pull/1680
ai-task-manager,/Users/kpburson/.codex/worktrees/5e96/ai-task-manager,codex/1821-branch-local-estimation-sar,609eb47c8059052c61086fb00faff7dcd761ad29,5,PARTIAL-OR-UNMATCHED-INVESTIGATE,,False,Issue #1821 is open,"{""UNMATCHED"": 3, ""GENERIC-MESSAGE-COINCIDENCE"": 2}",
ai-task-manager,/Users/kpburson/.codex/worktrees/655b/ai-task-manager,codex/1848-backlog-design-drafts,70dd5e2dd6f5d9f89302ddabbdccddc57026112e,6,ALL-COMMITS-VERIFIED-IN-DELIVERED-PR-OR-PATCH,1849,False,Live process has cwd here or in child worktree,"{""VERIFIED-MERGED-PR-SOURCE"": 6}",https://github.com/kburson/ai-task-manager/pull/1849
ai-task-manager,/Users/kpburson/.codex/worktrees/655b/ai-task-manager/.scratch/.task-test-1848-edbfabd6-73172-f796a10f,,edbfabd65774e2db4da05f42bf127e7b19180586,5,ALL-COMMITS-VERIFIED-IN-DELIVERED-PR-OR-PATCH,,False,Sandbox belongs to live parent; wait for owner cleanup,"{""VERIFIED-MERGED-PR-SOURCE"": 5}",https://github.com/kburson/ai-task-manager/pull/1849
ai-task-manager,/Users/kpburson/.codex/worktrees/issue-1835/ai-task-manager,feature/child/1835,f6b73fdf46e72776362f53dc99792005afb19286,4,PARTIAL-OR-UNMATCHED-INVESTIGATE,,False,"Clean checkout, but HEAD delivery not proven","{""UNMATCHED"": 4}",
ai-task-manager,/Users/kpburson/.codex/worktrees/parallel-chore-mode/ai-task-manager,codex/parallel-chore-mode,199d2dae9ab26211ac90c46ce96627523e66a270,2,ALL-COMMITS-VERIFIED-IN-DELIVERED-PR-OR-PATCH,1815,False,Exact HEAD merged to trunk in PR #1815; archive ignored evidence before removal,"{""VERIFIED-MERGED-PR-SOURCE"": 2}",https://github.com/kburson/ai-task-manager/pull/1815
ai-task-manager,/Users/kpburson/.codex/worktrees/planning/ai-task-manager,codex/aitm-mcp-adapter-xpr-first,46952470a4f89a61bf7f689ea7937397ed8314d2,2,PARTIAL-OR-UNMATCHED-INVESTIGATE,,False,"Clean checkout, but HEAD delivery not proven","{""UNMATCHED"": 2}",
ai-task-manager,/Users/kpburson/projects/Vibe-Coding/ai-task-manager/.worktrees/1207-assignee-state,codex/issue-1207-assignee-state,c0697158c880be8ca60b46839a38aa82d6886cbb,8,PARTIAL-OR-UNMATCHED-INVESTIGATE,,True,Uncommitted/untracked files,"{""UNMATCHED"": 8}",
ai-task-manager,/Users/kpburson/projects/Vibe-Coding/ai-task-manager/.worktrees/1481-receipt-integrity,codex/defect-1481-receipt-integrity,76f58cd2335c8cd5005df47159e972d0fc9eb22b,10,ALL-COMMITS-VERIFIED-IN-DELIVERED-PR-OR-PATCH,1482,False,Exact HEAD merged to trunk in PR #1482; archive ignored evidence before removal,"{""VERIFIED-MERGED-PR-SOURCE"": 10}",https://github.com/kburson/ai-task-manager/pull/1482
ai-task-manager,/Users/kpburson/projects/Vibe-Coding/ai-task-manager/.worktrees/1485-merge-back-authority,codex/defect-1485-merge-back-authority,94575a4a009383c8749343c5c8023241c84ebd5c,5,ALL-COMMITS-VERIFIED-IN-DELIVERED-PR-OR-PATCH,1487,False,Exact HEAD merged to trunk in PR #1487; archive ignored evidence before removal,"{""VERIFIED-MERGED-PR-SOURCE"": 5}",https://github.com/kburson/ai-task-manager/pull/1487
ai-task-manager,/Users/kpburson/projects/Vibe-Coding/ai-task-manager/.worktrees/1486-graph-node-authority,codex/issue-1486-graph-node-authority,5565718a479ece4bf445f4f1862a9f682637d6db,6,ALL-COMMITS-VERIFIED-IN-DELIVERED-PR-OR-PATCH,1606,False,Exact HEAD merged to trunk in PR #1606; archive ignored evidence before removal,"{""VERIFIED-MERGED-PR-SOURCE"": 6}",https://github.com/kburson/ai-task-manager/pull/1606
ai-task-manager,/Users/kpburson/projects/Vibe-Coding/ai-task-manager/.worktrees/1488-review-bind-timer,codex/defect-1488-review-bind-timer,82eba885bac295a57c236c611c84e0fd6f69d7e3,3,ALL-COMMITS-VERIFIED-IN-DELIVERED-PR-OR-PATCH,1489,False,Exact HEAD merged to trunk in PR #1489; archive ignored evidence before removal,"{""VERIFIED-MERGED-PR-SOURCE"": 3}",https://github.com/kburson/ai-task-manager/pull/1489
ai-task-manager,/Users/kpburson/projects/Vibe-Coding/ai-task-manager/.worktrees/1490-squash-delivery-proof,codex/defect-1490-squash-delivery-proof,8fafa6681a54c349bd2a02a69e944c07c7df6468,6,ALL-COMMITS-VERIFIED-IN-DELIVERED-PR-OR-PATCH,1510,False,Exact HEAD merged to trunk in PR #1510; archive ignored evidence before removal,"{""VERIFIED-MERGED-PR-SOURCE"": 6}",https://github.com/kburson/ai-task-manager/pull/1510
ai-task-manager,/Users/kpburson/projects/Vibe-Coding/ai-task-manager/.worktrees/1512-full-auto-default,codex/chore-1512-full-auto-default,99bec143fd3c6401076da84ab78fefe65d054d60,1,ALL-COMMITS-VERIFIED-IN-DELIVERED-PR-OR-PATCH,1513,False,Exact HEAD merged to trunk in PR #1513; archive ignored evidence before removal,"{""VERIFIED-MERGED-PR-SOURCE"": 1}",https://github.com/kburson/ai-task-manager/pull/1513
ai-task-manager,/Users/kpburson/projects/Vibe-Coding/ai-task-manager/.worktrees/1516-author-finalization-contract,codex/issue-1516-author-finalization-contract,094a10bddba9102b4bf9f2483e3b7ba6583bd16c,7,ALL-COMMITS-VERIFIED-IN-DELIVERED-PR-OR-PATCH,1612,False,Exact HEAD merged to trunk in PR #1612; archive ignored evidence before removal,"{""VERIFIED-MERGED-PR-SOURCE"": 7}",https://github.com/kburson/ai-task-manager/pull/1612
ai-task-manager,/Users/kpburson/projects/Vibe-Coding/ai-task-manager/.worktrees/1557-blocked-disposition-dependencies,codex/feature-1557-blocked-disposition-dependencies,698d712240b4f1eb4d1b18cda1faa6c977f7c060,20,ALL-COMMITS-VERIFIED-IN-DELIVERED-PR-OR-PATCH,1563,False,Exact HEAD merged to trunk in PR #1563; archive ignored evidence before removal,"{""VERIFIED-MERGED-PR-SOURCE"": 20}",https://github.com/kburson/ai-task-manager/pull/1563
ai-task-manager,/Users/kpburson/projects/Vibe-Coding/ai-task-manager/.worktrees/1558-ask-the-script-spec,codex/1558-ask-the-script-spec,99588ebbe299567496554d034bff04e2b0063309,1,ALL-COMMITS-VERIFIED-IN-DELIVERED-PR-OR-PATCH,1644,False,Exact HEAD merged to trunk in PR #1644; archive ignored evidence before removal,"{""VERIFIED-MERGED-PR-SOURCE"": 1}",https://github.com/kburson/ai-task-manager/pull/1644
ai-task-manager,/Users/kpburson/projects/Vibe-Coding/ai-task-manager/.worktrees/1558-epic,feature/epic/1558,ee5803e4ae031210c269cf1e655167e7bdd305ab,204,ALL-COMMITS-VERIFIED-IN-DELIVERED-PR-OR-PATCH,1775,False,Exact HEAD merged to trunk in PR #1775; archive ignored evidence before removal,"{""VERIFIED-MERGED-PR-SOURCE"": 204}",https://github.com/kburson/ai-task-manager/pull/1775
ai-task-manager,/Users/kpburson/projects/Vibe-Coding/ai-task-manager/.worktrees/1573-merge-method-help,codex/issue-1573-merge-method-help,15632970a34a8ed2deb26e4594570756baa1d492,3,ALL-COMMITS-VERIFIED-IN-DELIVERED-PR-OR-PATCH,1593,False,Exact HEAD merged to trunk in PR #1593; archive ignored evidence before removal,"{""VERIFIED-MERGED-PR-SOURCE"": 3}",https://github.com/kburson/ai-task-manager/pull/1593
ai-task-manager,/Users/kpburson/projects/Vibe-Coding/ai-task-manager/.worktrees/1574-historical-intent,codex/defect-1574-historical-intent,b9fce8501a4d1ec3583c949475a69d95ea8c5d1f,2,ALL-COMMITS-VERIFIED-IN-DELIVERED-PR-OR-PATCH,1576,False,Exact HEAD merged to trunk in PR #1576; archive ignored evidence before removal,"{""VERIFIED-MERGED-PR-SOURCE"": 2}",https://github.com/kburson/ai-task-manager/pull/1576
ai-task-manager,/Users/kpburson/projects/Vibe-Coding/ai-task-manager/.worktrees/1579-governed-plan-policy,codex/issue-1579-governed-plan-policy,190c03c6d3ed139743326ca282e54f9f6d19e1da,4,ALL-COMMITS-VERIFIED-IN-DELIVERED-PR-OR-PATCH,1607,False,Exact HEAD merged to trunk in PR #1607; archive ignored evidence before removal,"{""VERIFIED-MERGED-PR-SOURCE"": 4}",https://github.com/kburson/ai-task-manager/pull/1607
ai-task-manager,/Users/kpburson/projects/Vibe-Coding/ai-task-manager/.worktrees/1581-reviewer-lint-policy,codex/issue-1581-reviewer-lint-policy,3dce8ffe22d909a92d561ac8bb335395848c8cf6,2,ALL-COMMITS-VERIFIED-IN-DELIVERED-PR-OR-PATCH,1608,False,Exact HEAD merged to trunk in PR #1608; archive ignored evidence before removal,"{""VERIFIED-MERGED-PR-SOURCE"": 2}",https://github.com/kburson/ai-task-manager/pull/1608
ai-task-manager,/Users/kpburson/projects/Vibe-Coding/ai-task-manager/.worktrees/1583-secondary-squash-recovery,codex/defect-1583-secondary-squash-recovery,ddcafc07b45989a136467028b64027ade0515e40,2,ALL-COMMITS-VERIFIED-IN-DELIVERED-PR-OR-PATCH,1584,False,Exact HEAD merged to trunk in PR #1584; archive ignored evidence before removal,"{""VERIFIED-MERGED-PR-SOURCE"": 2}",https://github.com/kburson/ai-task-manager/pull/1584
ai-task-manager,/Users/kpburson/projects/Vibe-Coding/ai-task-manager/.worktrees/1591-legacy-index-reconciliation,codex/issue-1591-legacy-index-reconciliation,65ca762ff0c72c34ef925e0a6752054e1b60834a,11,ALL-COMMITS-VERIFIED-IN-DELIVERED-PR-OR-PATCH,1594,False,Exact HEAD merged to trunk in PR #1594; archive ignored evidence before removal,"{""VERIFIED-MERGED-PR-SOURCE"": 11}",https://github.com/kburson/ai-task-manager/pull/1594
ai-task-manager,/Users/kpburson/projects/Vibe-Coding/ai-task-manager/.worktrees/1592-remove-co-review-runtime,codex/issue-1592-remove-co-review-runtime,8dd7b298b1168fdf3ec50ff6cd072f2944db8e78,11,ALL-COMMITS-VERIFIED-IN-DELIVERED-PR-OR-PATCH,1605,False,Exact HEAD merged to trunk in PR #1605; archive ignored evidence before removal,"{""VERIFIED-MERGED-PR-SOURCE"": 11}",https://github.com/kburson/ai-task-manager/pull/1605
ai-task-manager,/Users/kpburson/projects/Vibe-Coding/ai-task-manager/.worktrees/1595-vc-citation,codex/defect-1595-vc-citation,4881ecd6ba56ec2cf9850cfe19b503703aa14b43,2,ALL-COMMITS-VERIFIED-IN-DELIVERED-PR-OR-PATCH,1596,False,Exact HEAD merged to trunk in PR #1596; archive ignored evidence before removal,"{""VERIFIED-MERGED-PR-SOURCE"": 2}",https://github.com/kburson/ai-task-manager/pull/1596
ai-task-manager,/Users/kpburson/projects/Vibe-Coding/ai-task-manager/.worktrees/1597-tombstone-recovery,codex/defect-1597-tombstone-recovery,9c06054d9d7b9345a76a51c0679493c1b3aeab4e,3,ALL-COMMITS-VERIFIED-IN-DELIVERED-PR-OR-PATCH,1598,False,Exact HEAD merged to trunk in PR #1598; archive ignored evidence before removal,"{""VERIFIED-MERGED-PR-SOURCE"": 3}",https://github.com/kburson/ai-task-manager/pull/1598
ai-task-manager,/Users/kpburson/projects/Vibe-Coding/ai-task-manager/.worktrees/1601-merge-back-child-authority,codex/defect-1601-merge-back-child-authority,b0c7480873e7f305ef4ff8729f309fc5f9abc6e1,2,ALL-COMMITS-VERIFIED-IN-DELIVERED-PR-OR-PATCH,1602,False,Exact HEAD merged to trunk in PR #1602; archive ignored evidence before removal,"{""VERIFIED-MERGED-PR-SOURCE"": 2}",https://github.com/kburson/ai-task-manager/pull/1602
ai-task-manager,/Users/kpburson/projects/Vibe-Coding/ai-task-manager/.worktrees/1603-epic-test-deferral,codex/defect-1603-epic-test-deferral,0c3e50b6e481f8e55c7a18981d255d881c8b2b91,5,ALL-COMMITS-VERIFIED-IN-DELIVERED-PR-OR-PATCH,1604,False,Exact HEAD merged to trunk in PR #1604; archive ignored evidence before removal,"{""VERIFIED-MERGED-PR-SOURCE"": 5}",https://github.com/kburson/ai-task-manager/pull/1604
ai-task-manager,/Users/kpburson/projects/Vibe-Coding/ai-task-manager/.worktrees/1632-trunk-delivery-gate,codex/defect-1632-trunk-delivery-gate,2e41eece3b92f886c4d173a422de386cfcae793e,2,ALL-COMMITS-VERIFIED-IN-DELIVERED-PR-OR-PATCH,1634,False,Exact HEAD merged to trunk in PR #1634; archive ignored evidence before removal,"{""VERIFIED-MERGED-PR-SOURCE"": 2}",https://github.com/kburson/ai-task-manager/pull/1634
ai-task-manager,/Users/kpburson/projects/Vibe-Coding/ai-task-manager/.worktrees/1633-done-delivery-survey,codex/audit-1633-done-delivery-survey,c5d712c2adddbf6411408454e0c6493d004952df,5,ALL-COMMITS-VERIFIED-IN-DELIVERED-PR-OR-PATCH,1636,False,Exact HEAD merged to trunk in PR #1636; archive ignored evidence before removal,"{""VERIFIED-MERGED-PR-SOURCE"": 5}",https://github.com/kburson/ai-task-manager/pull/1636
ai-task-manager,/Users/kpburson/projects/Vibe-Coding/ai-task-manager/.worktrees/1635-1624-delivery-recovery,codex/audit-1635-1624-delivery-recovery,0a534ec156cf308e5f6126f9d85c63679c3714e2,23,ALL-COMMITS-VERIFIED-IN-DELIVERED-PR-OR-PATCH,1641,False,Exact HEAD merged to trunk in PR #1641; archive ignored evidence before removal,"{""VERIFIED-MERGED-PR-SOURCE"": 23}",https://github.com/kburson/ai-task-manager/pull/1637; https://github.com/kburson/ai-task-manager/pull/1639; https://github.com/kburson/ai-task-manager/pull/1640; https://github.com/kburson/ai-task-manager/pull/1641
ai-task-manager,/Users/kpburson/projects/Vibe-Coding/ai-task-manager/.worktrees/1665-session-promote-readiness,feature/epic/1665,8bd263471d1e2c8c841d215baa78fe6554b22f7c,64,TRACED-TO-PR1775-WITH-REBASE-ADAPTATIONS-REVIEW,,False,"Clean checkout, but HEAD delivery not proven","{""VERIFIED-REBASED-PATCH-IN-PR"": 60, ""MATCHED-CONTEXT-FREE-DELTA-REVIEW"": 3, ""REBASE-ADAPTED-DELIVERED-VERSION"": 1}",https://github.com/kburson/ai-task-manager/pull/1775
ai-task-manager,/Users/kpburson/projects/Vibe-Coding/ai-task-manager/.worktrees/1666-test-entry-readiness,feature/child/1666,9dd260c10c51ecf3bb519f6471d94d5aaf553cba,67,TRACED-TO-PR1775-WITH-REBASE-ADAPTATIONS-REVIEW,,False,"Clean checkout, but HEAD delivery not proven","{""VERIFIED-REBASED-PATCH-IN-PR"": 63, ""MATCHED-CONTEXT-FREE-DELTA-REVIEW"": 3, ""REBASE-ADAPTED-DELIVERED-VERSION"": 1}",https://github.com/kburson/ai-task-manager/pull/1775
ai-task-manager,/Users/kpburson/projects/Vibe-Coding/ai-task-manager/.worktrees/1667-review-readiness,feature/child/1667,2b71f294e1b9b5363dae1352d756d481f39486cc,73,TRACED-TO-PR1775-WITH-REBASE-ADAPTATIONS-REVIEW,,False,"Clean checkout, but HEAD delivery not proven","{""VERIFIED-REBASED-PATCH-IN-PR"": 69, ""MATCHED-CONTEXT-FREE-DELTA-REVIEW"": 3, ""REBASE-ADAPTED-DELIVERED-VERSION"": 1}",https://github.com/kburson/ai-task-manager/pull/1775
ai-task-manager,/Users/kpburson/projects/Vibe-Coding/ai-task-manager/.worktrees/1668-delivery-readiness,feature/child/1668,e76757037eb662d8f814a000cb22c8e479ffe944,78,TRACED-TO-PR1775-WITH-REBASE-ADAPTATIONS-REVIEW,,False,"Clean checkout, but HEAD delivery not proven","{""MATCHED-CONTEXT-FREE-DELTA-REVIEW"": 4, ""VERIFIED-REBASED-PATCH-IN-PR"": 72, ""REBASE-ADAPTED-DELIVERED-VERSION"": 2}",https://github.com/kburson/ai-task-manager/pull/1775
ai-task-manager,/Users/kpburson/projects/Vibe-Coding/ai-task-manager/.worktrees/1669-close-readiness,feature/child/1669,8f0d319e11769ff22e6de24106cab85a394ac803,87,TRACED-TO-PR1775-WITH-REBASE-ADAPTATIONS-REVIEW,,False,"Clean checkout, but HEAD delivery not proven","{""VERIFIED-REBASED-PATCH-IN-PR"": 81, ""MATCHED-CONTEXT-FREE-DELTA-REVIEW"": 4, ""REBASE-ADAPTED-DELIVERED-VERSION"": 2}",https://github.com/kburson/ai-task-manager/pull/1775
ai-task-manager,/Users/kpburson/projects/Vibe-Coding/ai-task-manager/.worktrees/1670-action-parity,feature/child/1670,ada8f2855c438fe66c8c59f0e31c3e187d2cc3b8,92,TRACED-TO-PR1775-WITH-REBASE-ADAPTATIONS-REVIEW,,False,"Clean checkout, but HEAD delivery not proven","{""VERIFIED-REBASED-PATCH-IN-PR"": 86, ""MATCHED-CONTEXT-FREE-DELTA-REVIEW"": 4, ""REBASE-ADAPTED-DELIVERED-VERSION"": 2}",https://github.com/kburson/ai-task-manager/pull/1775
ai-task-manager,/Users/kpburson/projects/Vibe-Coding/ai-task-manager/.worktrees/1678-consumer-release,feature/child/1678,e3ae66d29ab14b9ac7465b5ee3f3d6d629263f1e,196,ALL-COMMITS-VERIFIED-IN-DELIVERED-PR-OR-PATCH,,False,HEAD is contained in merged trunk PR #1775; archive ignored evidence before removal,"{""VERIFIED-MERGED-PR-SOURCE"": 196}",https://github.com/kburson/ai-task-manager/pull/1775
ai-task-manager,/Users/kpburson/projects/Vibe-Coding/ai-task-manager/.worktrees/1683-review-waiver-delivery,codex/1683-review-waiver-delivery,b125d453b1c69c768afa5b09c9fb09cb505ffe25,5,ALL-COMMITS-VERIFIED-IN-DELIVERED-PR-OR-PATCH,1686,False,Exact HEAD merged to trunk in PR #1686; archive ignored evidence before removal,"{""VERIFIED-MERGED-PR-SOURCE"": 5}",https://github.com/kburson/ai-task-manager/pull/1686
ai-task-manager,/Users/kpburson/projects/Vibe-Coding/ai-task-manager/.worktrees/1685-ci-stacked-pr,codex/1685-ci-stacked-pr,394caaf53ce8a9bee21694d9fd3c89475ecc2937,4,ALL-COMMITS-VERIFIED-IN-DELIVERED-PR-OR-PATCH,1687,False,Exact HEAD merged to trunk in PR #1687; archive ignored evidence before removal,"{""VERIFIED-MERGED-PR-SOURCE"": 4}",https://github.com/kburson/ai-task-manager/pull/1687
ai-task-manager,/Users/kpburson/projects/Vibe-Coding/ai-task-manager/.worktrees/1716-plan-approval-evidence-repair,codex/1716-plan-approval-evidence-repair,eb871922ec4914c99918e516161276aceb1f41f0,2,ALL-COMMITS-VERIFIED-IN-DELIVERED-PR-OR-PATCH,1717,False,Exact HEAD merged to trunk in PR #1717; archive ignored evidence before removal,"{""VERIFIED-MERGED-PR-SOURCE"": 2}",https://github.com/kburson/ai-task-manager/pull/1717
ai-task-manager,/Users/kpburson/projects/Vibe-Coding/ai-task-manager/.worktrees/1720-plan-transition-authority,codex/1720-plan-transition-authority,dafb599e7da3028fd76f4090fda5cf09d4e71a0f,15,ALL-COMMITS-VERIFIED-IN-DELIVERED-PR-OR-PATCH,1722,False,Exact HEAD merged to trunk in PR #1722; archive ignored evidence before removal,"{""VERIFIED-MERGED-PR-SOURCE"": 15}",https://github.com/kburson/ai-task-manager/pull/1722
ai-task-manager,/Users/kpburson/projects/Vibe-Coding/ai-task-manager/.worktrees/1728-authority-observations,feature/child/1728,309f6fe5ea3206a6159893e76b8c4be01f8433f7,45,TRACED-TO-PR1775-WITH-REBASE-ADAPTATIONS-REVIEW,,False,"Clean checkout, but HEAD delivery not proven","{""VERIFIED-REBASED-PATCH-IN-PR"": 41, ""MATCHED-CONTEXT-FREE-DELTA-REVIEW"": 2, ""UNVERIFIED-MERGE-COMMIT"": 1, ""REBASE-ADAPTED-DELIVERED-VERSION"": 1}",https://github.com/kburson/ai-task-manager/pull/1775
ai-task-manager,/Users/kpburson/projects/Vibe-Coding/ai-task-manager/.worktrees/1750-session-authority,feature/child/1750,3e22569fda1cf44160487d80a18a050aa43cc508,58,TRACED-TO-PR1775-WITH-REBASE-ADAPTATIONS-REVIEW,,False,"Clean checkout, but HEAD delivery not proven","{""VERIFIED-REBASED-PATCH-IN-PR"": 54, ""MATCHED-CONTEXT-FREE-DELTA-REVIEW"": 3, ""REBASE-ADAPTED-DELIVERED-VERSION"": 1}",https://github.com/kburson/ai-task-manager/pull/1775
ai-task-manager,/Users/kpburson/projects/Vibe-Coding/ai-task-manager/.worktrees/1751-early-promotion-readiness,feature/child/1751,e406aeccee7f64f94308c8d238af2746f9c45277,59,TRACED-TO-PR1775-WITH-REBASE-ADAPTATIONS-REVIEW,,False,"Clean checkout, but HEAD delivery not proven","{""VERIFIED-REBASED-PATCH-IN-PR"": 55, ""MATCHED-CONTEXT-FREE-DELTA-REVIEW"": 3, ""REBASE-ADAPTED-DELIVERED-VERSION"": 1}",https://github.com/kburson/ai-task-manager/pull/1775
ai-task-manager,/Users/kpburson/projects/Vibe-Coding/ai-task-manager/.worktrees/1752-early-navigation-conformance,feature/child/1752,99814535b4bf12307040a92c521bf674e9177e42,61,TRACED-TO-PR1775-WITH-REBASE-ADAPTATIONS-REVIEW,,False,"Clean checkout, but HEAD delivery not proven","{""VERIFIED-REBASED-PATCH-IN-PR"": 57, ""MATCHED-CONTEXT-FREE-DELTA-REVIEW"": 3, ""REBASE-ADAPTED-DELIVERED-VERSION"": 1}",https://github.com/kburson/ai-task-manager/pull/1775
ai-task-manager,/Users/kpburson/projects/Vibe-Coding/ai-task-manager/.worktrees/1755-delivery-attribution-exception,codex/defect-1755-delivery-attribution-exception,c0f114435ab5b7cc5a4a32676c35bf59322685c7,22,ALL-COMMITS-VERIFIED-IN-DELIVERED-PR-OR-PATCH,1771,False,Exact HEAD merged to trunk in PR #1771; archive ignored evidence before removal,"{""VERIFIED-MERGED-PR-SOURCE"": 22}",https://github.com/kburson/ai-task-manager/pull/1771
ai-task-manager,/Users/kpburson/projects/Vibe-Coding/ai-task-manager/.worktrees/1772-context-budgets,feature/child/1772,cce58c72565ef22e8a6acbb1ccc2d458176c7ffa,192,ALL-COMMITS-VERIFIED-IN-DELIVERED-PR-OR-PATCH,,False,HEAD is contained in merged trunk PR #1775; archive ignored evidence before removal,"{""VERIFIED-MERGED-PR-SOURCE"": 192}",https://github.com/kburson/ai-task-manager/pull/1775
ai-task-manager,/Users/kpburson/projects/Vibe-Coding/ai-task-manager/.worktrees/1773-adapter-protocols,feature/child/1773,edd049b0bb6a3238bbcdfd0a18a3ea42145965d8,195,ALL-COMMITS-VERIFIED-IN-DELIVERED-PR-OR-PATCH,,False,HEAD is contained in merged trunk PR #1775; archive ignored evidence before removal,"{""VERIFIED-MERGED-PR-SOURCE"": 195}",https://github.com/kburson/ai-task-manager/pull/1775
ai-task-manager,/Users/kpburson/projects/Vibe-Coding/ai-task-manager/.worktrees/1774-release-certification,feature/child/1774,e3ae66d29ab14b9ac7465b5ee3f3d6d629263f1e,196,ALL-COMMITS-VERIFIED-IN-DELIVERED-PR-OR-PATCH,,False,HEAD is contained in merged trunk PR #1775; archive ignored evidence before removal,"{""VERIFIED-MERGED-PR-SOURCE"": 196}",https://github.com/kburson/ai-task-manager/pull/1775
ai-task-manager,/Users/kpburson/projects/Vibe-Coding/ai-task-manager/.worktrees/ai-peer-review-design,codex/ai-peer-review-design,3a1be5f0b9d016fac9ecf2ad656145e839cf6fa4,74,ALL-COMMITS-VERIFIED-IN-DELIVERED-PR-OR-PATCH,1590,False,Exact HEAD merged to trunk in PR #1590; archive ignored evidence before removal,"{""VERIFIED-MERGED-PR-SOURCE"": 74}",https://github.com/kburson/ai-task-manager/pull/1582; https://github.com/kburson/ai-task-manager/pull/1585; https://github.com/kburson/ai-task-manager/pull/1586; https://github.com/kburson/ai-task-manager/pull/1587; https://github.com/kburson/ai-task-manager/pull/1590
ai-task-manager,/Users/kpburson/projects/Vibe-Coding/ai-task-manager/.worktrees/chore-hybrid-insights-specs,codex/chore-hybrid-insights-specs,4f70500b60c78a090aefd9eea052122c04467480,1,PARTIAL-OR-UNMATCHED-INVESTIGATE,,False,"Clean checkout, but HEAD delivery not proven","{""UNMATCHED"": 1}",
ai-task-manager,/Users/kpburson/projects/Vibe-Coding/ai-task-manager/.worktrees/estimation-rubric-spec,codex/estimation-rubric-spec,d03b6526ea604bd03a9e33755075b26d942c7366,2,ALL-COMMITS-VERIFIED-IN-DELIVERED-PR-OR-PATCH,1822,False,Exact HEAD merged to trunk in PR #1822; archive ignored evidence before removal,"{""VERIFIED-MERGED-PR-SOURCE"": 2}",https://github.com/kburson/ai-task-manager/pull/1822
